[{"code":"//This block is arranged and coded by CyberAlpha PH","color":"#444444","name":"DarkiOS","typeName":"","palette":"80","type":"h","spec":"IOS Dialog Style"},{"code":"iOSDarkBuilder %1$s \u003d new iOSDarkBuilder(%2$s.this);\n%1$s\n%3$s\n.build().show();","color":"#444444","name":"IOSDark","typeName":"","palette":"80","type":"c","spec":"IOS Dialog %s.inputOnly to %m.activity "},{"code":".setTitle(%1$s)","color":"#444444","name":"Dark title","typeName":"","palette":"80","type":" ","spec":"Set Title %s"},{"code":".setSubtitle(%1$s) \t","color":"#444444","name":"Dark Message","typeName":"","palette":"80","type":" ","spec":"Set Message %s"},{"code":".setBoldPositiveLabel(%1$s)","color":"#444444","name":"Bold Dark","typeName":"","palette":"80","type":" ","spec":"SetBoldPositive %b"},{"code":"\t.setCancelable(%1$s)","color":"#444444","name":"Cancelable Dark","typeName":"","palette":"80","type":" ","spec":"Set Cancelable %b"},{"code":".setPositiveListener(%1$s,new iOSDarkClickListener() \n{ \t @Override \t public void onClick(iOSDark dialog) { \t\t\n%2$s\t \n}\n})\t","color":"#444444","name":"Positive Listener Dark","typeName":"","palette":"80","type":"c","spec":"Set Positive Listener %s"},{"code":".setNegativeListener(%1$s, new iOSDarkClickListener() \n{ \t \n@Override \t public void onClick(iOSDark dialog) { \t\t\n%2$s\n}\n})","color":"#444444","name":"Negative Dark","typeName":"","palette":"80","type":"c","spec":"Set Negative Listener %s"},{"code":"dialog.dismiss(); ","color":"#444444","name":"Dismiss Dark","typeName":"","palette":"80","type":" ","spec":"Dismiss"},{"code":".setFont(Typeface.createFromAsset(getAssets(),\"fonts/%1$s.otf\"))","color":"#444444","name":"IOS Font OTF Dark","typeName":"","palette":"80","type":" ","spec":"set Dialog Font(OTF) %m.font"},{"code":".setFont(Typeface.createFromAsset(getAssets(),\"fonts/%1$s.ttf\"))","color":"#444444","name":"IOS Font TTF Dark","typeName":"","palette":"80","type":" ","spec":"set Dialog Font(TTF) %m.font"}]